{
	"format_version": "1.12.0",
	"minecraft:geometry": [
		{
			"description": {
				"identifier": "geometry.npc",
				"texture_width": 64,
				"texture_height": 64,
				"visible_bounds_width": 2,
				"visible_bounds_height": 3,
				"visible_bounds_offset": [0, 1.5, 0]
			},
			"bones": [
				{
					"name": "body",
					"pivot": [0, 24, 0],
					"cubes": [
						{"origin": [-4, 12, -3], "size": [8, 12, 6], "uv": [16, 20]},
						{"origin": [-4, 6, -3], "size": [8, 18, 6], "inflate": 0.5, "uv": [0, 38]}
					]
				},
				{
					"name": "head",
					"parent": "body",
					"pivot": [0, 24, 0],
					"cubes": [
						{"origin": [-4, 24, -4], "size": [8, 10, 8], "uv": [0, 0]}
					]
				},
				{
					"name": "hat",
					"parent": "head",
					"pivot": [0, 24, 0]
				},
				{
					"name": "nose",
					"parent": "head",
					"pivot": [0, 26, 0]
				},
				{
					"name": "arms",
					"parent": "body",
					"pivot": [0, 21, -1],
					"rotation": [-42.97, 0, 0],
					"cubes": [
						{"origin": [-4, 15, -3], "size": [8, 4, 4], "uv": [40, 38]},
						{"origin": [-8, 15, -3], "size": [4, 8, 4], "uv": [44, 22]},
						{"origin": [4, 15, -3], "size": [4, 8, 4], "uv": [44, 46]}
					]
				},
				{
					"name": "leg0",
					"pivot": [-2, 12, 0],
					"cubes": [
						{"origin": [-4, 0, -2], "size": [4, 12, 4], "uv": [0, 22]}
					]
				},
				{
					"name": "leg1",
					"pivot": [2, 12, 0],
					"cubes": [
						{"origin": [0, 0, -2], "size": [4, 12, 4], "uv": [0, 22]}
					]
				}
			]
		}
	]
}